MouseID	Species	Genotype	Tissue	Sex	AgeMonths	TreatmentMonths	Timepoint	Diet	maxAgeCaesar	averagedMaturity.yrs	GestationTimeInYears	UniversalClock2Pan	UniversalClock2Blood	UniversalClock2Skin	UniversalClock3Pan	UniversalClock3Blood	UniversalClock3Skin	DNAmAgePanFinal	DNAmAgeBloodFinal	DNAmAgeLiverFinal	DNAmAgeBrainFinal	DNAmAgeCerebellumFinal	DNAmAgeCortexFinal	DNAmAgeFibroblastFinal	DNAmAgeHeartFinal	DNAmAgeKidneyFinal	DNAmAgeMuscleFinal	DNAmAgeSkinFinal	DNAmAgeStriatumFinal	DNAmAgeTailFinal	DNAmAgePanDevelopmentFinal	DNAmAgeBloodDevelopmentFinal	DNAmAgeLiverDevelopmentFinal	DNAmAgeBrainDevelopmentFinal	DNAmAgeCerebellumDevelopmentFinal	DNAmAgeCortexDevelopmentFinal	DNAmAgeFibroblastDevelopmentFinal	DNAmAgeHeartDevelopmentFinal	DNAmAgeKidneyDevelopmentFinal	DNAmAgeMuscleDevelopmentFinal	DNAmAgeSkinDevelopmentFinal	DNAmAgeStriatumDevelopmentFinal	DNAmAgeTailDevelopmentFinal	DNAmAgePanInterventionsFinal	DNAmAgeBloodInterventionsFinal	DNAmAgeLiverInterventionsFinal	DNAmAgeBrainInterventionsFinal	DNAmAgeCerebellumInterventionsFinal	DNAmAgeCortexInterventionsFinal	DNAmAgeFibroblastInterventionsFinal	DNAmAgeHeartInterventionsFinal	DNAmAgeKidneyInterventionsFinal	DNAmAgeMuscleInterventionsFinal	DNAmAgeSkinInterventionsFinal	DNAmAgeStriatumInterventionsFinal	DNAmAgeTailInterventionsFinal
c10m1	Mus musculus	C57BL/6	Blood	F	22	7	22mo	Ctrl	4	0.115068493	0.052054795	1.573734007	1.600028714	0.96416221	1.542104654	1.744081621	0.736799934	1.646519934	1.571436694	1.139828814	2.585198125	2.130688842	3.366824855	6.505503796	3.463157931	2.379410697	2.191623272	0.503069611	3.3912679	0.027907238	1.824728822	1.403686325	1.48427432	1.324898819	0.766560469	1.041830654	6.4152221	2.676777312	1.050047083	1.196591592	0.273422602	3.933103963	-0.050779907	1.556847716	1.214599966	0.738029839	3.571846729	1.002781269	4.095200403	4.221048407	2.746487055	1.055647156	3.027679394	0.757859434	1.44049112	0.128163918
c10m2	Mus musculus	C57BL/6	Blood	F	22	7	22mo	Ctrl	4	0.115068493	0.052054795	1.53702965	1.720602255	0.896134988	1.547322227	1.914589318	0.811320321	1.837752042	1.770955245	1.311933643	2.689998627	2.105427829	3.430926598	6.040705311	3.007398659	2.569118025	2.501357142	0.512311163	3.336300485	0.040339431	1.817497657	1.5903467	1.698198205	1.030263294	0.88589247	1.417719527	5.94050247	2.645120173	1.236240274	1.170969746	0.293883809	3.949599328	-0.053272001	1.360929812	1.613130115	0.758654006	3.219868187	1.083821906	3.386013199	4.411942228	3.100663315	1.424080579	2.223340076	0.718239457	1.026750269	0.152892757
c10m3	Mus musculus	C57BL/6	Blood	F	22	7	22mo	Ctrl	4	0.115068493	0.052054795	1.725791924	1.948797145	1.086378803	1.72491125	2.130520598	1.054442429	2.008397686	1.696784189	1.614143019	2.68205954	1.990423508	3.944054776	11.08890355	3.142122528	2.633872627	2.668176162	0.53055405	3.899739016	0.045159978	2.335890112	1.792716552	1.510589274	1.864385861	0.773764143	1.539768136	6.980570801	1.453234991	1.091335865	1.078236565	0.297363379	2.836256889	-0.049222777	0.8929786	1.253314453	0.671783415	3.398748383	1.568394095	4.018567985	11.13932477	2.210737345	2.070506643	3.64523544	1.12255383	3.01395036	0.222044771
c11m1	Mus musculus	C57BL/6	Blood	M	22	7	22mo	Fuco	4	0.115068493	0.052054795	1.469614186	1.505537177	0.607287572	1.59902214	1.696615098	0.533340349	1.843805547	1.785794977	1.035041613	1.912623423	2.241252198	3.416646651	6.617017778	4.119971532	2.341071782	2.313683544	0.37250004	3.393036209	0.018330195	1.87641114	1.548575062	1.670045923	1.345619385	1.022141997	1.851027477	6.445197455	3.251441114	0.440466483	1.388871595	0.212702324	4.264495978	-0.053690382	1.694431735	1.558128841	0.756435528	3.276470406	1.146345707	3.747229551	3.822933474	3.772242393	1.839696168	2.891855181	1.003513728	1.630363275	0.142251396
c11m2	Mus musculus	C57BL/6	Blood	M	22	7	22mo	Fuco	4	0.115068493	0.052054795	1.365282872	1.476369111	0.724263132	1.389574895	1.531920156	0.563005199	1.594905722	1.412531981	1.051006006	2.3540836	2.191788242	3.641223115	8.126350869	3.362324359	2.411284434	2.108439718	0.394643507	3.393001061	0.032893375	1.633021761	1.350479147	1.346446025	1.084586013	0.860795973	2.038566689	6.73814409	3.39427097	0.51819696	1.102072184	0.244303287	4.168436842	-0.052219956	1.715393782	1.153387056	0.626043436	3.866507195	1.442821844	4.218630855	6.430371243	3.212906519	1.427086092	3.008562667	1.115762277	1.794809186	0.126281298
c11m3	Mus musculus	C57BL/6	Blood	M	22	7	22mo	Fuco	4	0.115068493	0.052054795	1.310518598	1.524595992	0.81347257	1.354804518	1.720907308	0.569705297	1.851354904	1.502815793	1.08465181	2.99635488	2.128651362	3.745335328	6.479302832	3.22117676	2.972370248	2.331240693	0.516161556	3.428478738	0.041207768	1.852682942	1.733492643	1.427205543	1.066973613	0.88687739	1.79847131	5.89573673	2.353981512	1.286047011	1.505380557	0.304665196	4.292346518	-0.052988328	1.154438858	1.484184038	0.525893969	2.725437176	0.946335107	3.488833764	4.039147701	3.788502225	1.622757422	2.018491633	1.098311577	1.112833709	0.147826682
c12m2	Mus musculus	C57BL/6	Blood	M	22	7	22mo	Fuco	4	0.115068493	0.052054795	1.417626541	1.358726158	0.697150085	1.296054767	1.709696951	0.608501465	1.723645113	1.709177308	1.078920146	2.127736085	1.865017158	3.193801272	5.962430055	3.075906349	1.743161164	1.638502274	0.422535888	3.15578661	0.034854883	1.244821996	1.506120493	1.368191707	1.054315361	0.826332527	1.399771841	4.466385898	1.858596906	0.871995845	0.616239481	0.263580613	4.138151411	-0.049882872	1.133452164	1.215308099	0.441824599	2.739706123	0.874293923	4.018963221	3.321693217	1.60489873	0.268501784	2.870248167	0.459869975	1.311324165	0.017888245
c13m1	Mus musculus	C57BL/6	Blood	F	22	7	22mo	Ctrl	4	0.115068493	0.052054795	1.414481989	1.310508915	0.894834408	1.432151937	1.778248659	0.978805213	1.355172437	1.701646236	1.200008705	2.115940896	1.780345425	3.310673517	6.182911731	3.180225389	1.65488146	1.799953879	0.480510607	3.093958745	0.037706048	1.271816098	1.497929972	1.589230374	0.853967711	0.685417366	0.469372418	4.965210468	2.181845485	1.136741238	1.024790692	0.349339276	3.878354443	-0.034249055	1.087519308	1.590498076	0.527382557	3.64332731	1.04243905	2.758656591	4.580374382	2.831004589	0.69542827	3.044235174	0.4641282	0.85273803	0.065028874
c13m3	Mus musculus	C57BL/6	Blood	F	22	7	22mo	Ctrl	4	0.115068493	0.052054795	1.540177753	1.674707144	0.962426515	1.621345622	1.907199627	0.879768844	1.739195707	1.72899584	1.192033092	2.699736712	2.049244517	3.459464921	7.349238574	3.113829094	2.471155601	2.308613769	0.476146434	3.245309823	0.035044818	1.612796159	1.810590429	1.55703837	1.21613021	0.815658138	1.349925861	6.305299643	2.284391461	1.032021585	1.193556543	0.282457481	3.809189008	-0.050782092	1.652489344	1.323882165	0.745143369	3.685662693	0.725136496	3.689711153	5.083563586	2.390604374	1.33462827	2.760609926	0.872155814	1.494232554	0.110107925
c14m1	Mus musculus	C57BL/6	Blood	M	22	7	22mo	Fuco	4	0.115068493	0.052054795	1.41739097	1.368457117	0.737109475	1.394636042	1.602309536	0.677514448	1.400745403	1.637239395	0.927906067	2.181684065	1.997443808	3.429468082	6.67739203	3.341210693	2.258944716	1.845353878	0.40260248	3.346537367	0.030882071	1.971245267	1.497249507	1.490521483	1.385633584	0.760604244	1.472182334	6.089898315	2.807952038	0.865568634	1.006707398	0.264235183	4.233417049	-0.049106252	1.354006131	1.241156173	0.672945839	3.490796209	0.993622269	3.643513357	4.633746437	2.39819438	1.08684286	2.578895246	0.736541072	1.612733501	0.064349417
c14m2	Mus musculus	C57BL/6	Blood	M	22	7	22mo	Fuco	4	0.115068493	0.052054795	1.485162259	1.325177735	0.65741724	1.487065339	1.500728255	0.676927805	1.701942658	1.638883068	0.835781889	2.313629735	2.280666881	3.621978478	7.438154045	3.117276508	2.472340144	2.233247021	0.4333487	3.479947163	0.02763941	1.643372396	1.367448704	1.449534766	1.360734566	0.94599874	1.967820761	6.482311662	2.152876019	0.680910104	1.118703707	0.252405025	4.10925194	-0.053236407	1.895655578	1.302496319	0.615640066	3.29361599	0.827267987	3.819877139	5.084879381	3.415804247	1.274389869	2.839565172	0.851556818	1.739428849	0.052188335
c14m3	Mus musculus	C57BL/6	Blood	M	22	7	22mo	Fuco	4	0.115068493	0.052054795	1.408378612	1.331946608	0.708761663	1.408131109	1.544559432	0.597677921	1.723587169	1.761401802	1.003204023	2.220448972	2.316500078	3.501026041	6.841561704	3.509801218	2.639218188	2.198645104	0.438057633	3.558663937	0.019043032	1.682879903	1.47917207	1.4305912	1.209977252	1.015080746	1.879067069	6.336513121	2.66969378	0.60411992	1.102279616	0.22330683	4.162953296	-0.053797968	1.159923623	1.131004475	0.526627913	2.812713302	1.124949484	3.537430447	4.660498544	2.818020948	1.482895543	2.84450007	0.85660971	1.670684152	0.08429923
c15m1	Mus musculus	C57BL/6	Blood	M	22	7	22mo	Fuco	4	0.115068493	0.052054795	1.339324225	1.329565486	0.661601437	1.448056575	1.542739056	0.549388415	1.552060888	1.707179131	1.001517918	2.201384136	2.253025974	3.471389506	7.072462325	3.675194027	2.425625766	2.072517061	0.46830558	3.422402781	0.028015531	1.685200404	1.313822667	1.434491528	1.456945824	0.963133843	2.035062632	6.220977614	2.993498721	0.547155373	1.186073677	0.268417922	4.131124052	-0.05303066	1.99999337	1.366272294	0.692305297	3.501094921	0.925378831	3.995232532	4.192209562	3.49564261	1.125871654	2.343510555	1.07181472	1.468138521	0.047728034
c15m2	Mus musculus	C57BL/6	Blood	M	22	7	22mo	Fuco	4	0.115068493	0.052054795	1.507920893	1.528450045	0.742999273	1.515831672	1.686438785	0.646920637	1.393257808	1.627519477	1.0607121	2.346242489	2.199757249	3.568985546	6.956533827	3.296582363	2.577492124	2.080971881	0.416233229	3.397549393	0.031842971	1.827593037	1.322564962	1.395368994	1.11574363	0.920585201	1.543201046	6.000285945	2.327304377	0.769757532	0.970810151	0.284258119	4.203906936	-0.04979338	1.567361697	1.279798893	0.579423656	2.876120079	1.020906588	3.566787151	5.4188971	3.207451062	1.217677386	2.684012998	0.712816163	1.302308925	0.067753776
c15m3	Mus musculus	C57BL/6	Blood	M	22	7	22mo	Fuco	4	0.115068493	0.052054795	1.498886715	1.547203691	0.728052	1.581373132	1.664298186	0.596312051	1.766472204	1.821790717	1.02380179	2.541858717	2.202220975	3.436991984	7.110846997	3.426959957	2.584231493	2.414367169	0.417680474	3.283634031	0.042891624	1.568175221	1.698719982	1.485468759	1.095432918	0.926471842	1.730451494	6.426556032	2.578779213	0.776258527	1.270950183	0.216194575	4.139265798	-0.052554425	2.135193387	1.531444306	0.583031076	3.059431363	1.113684657	3.724138875	5.971007539	3.63356968	1.457936437	3.02582233	1.16265826	1.14557095	0.144184122
c15m4	Mus musculus	C57BL/6	Blood	M	22	7	22mo	Fuco	4	0.115068493	0.052054795	1.557722224	1.533733992	0.765272485	1.54179174	1.665642548	0.579772047	1.570717389	1.824205448	1.283880318	2.85888201	2.218218168	3.548244305	6.066330722	3.2531546	2.367607448	2.272891564	0.447225136	3.34390458	0.031879437	1.728114426	1.805576794	1.475585732	1.182691007	0.913211332	1.763682381	5.425386462	2.666889668	1.24397753	1.412646659	0.290261548	4.040957997	-0.051841223	2.253271008	1.711057491	0.630092839	3.383032729	1.249577753	3.52387081	4.033385153	4.044492125	1.455781019	2.461078511	0.956315341	0.942038563	0.133179033
c16m2	Mus musculus	C57BL/6	Blood	M	22	7	22mo	Fuco	4	0.115068493	0.052054795	1.407518697	1.38094969	0.632757816	1.34824494	1.585704124	0.546176773	1.339258602	1.482312815	0.966488713	2.339711828	2.129763354	3.227302872	7.174234692	2.882544319	2.126429636	1.709162613	0.38800794	3.166476008	0.030130884	1.199844952	1.344753502	1.324742763	1.115308357	0.752020824	1.622485861	5.773243568	2.198950852	1.006469253	0.925389491	0.236254942	3.914610849	-0.046294463	1.346347234	1.034573309	0.40257392	3.283763191	0.882001369	3.725080046	4.52245666	2.1010893	0.983674152	2.492311247	0.818483397	1.321527897	0.097126462
c16m3	Mus musculus	C57BL/6	Blood	M	22	7	22mo	Fuco	4	0.115068493	0.052054795	1.520122793	1.421458673	0.689938719	1.572405359	1.57341822	0.672471208	1.633018265	1.632557424	1.095303934	2.458798955	2.060059511	3.515584105	6.867138313	3.550461484	2.367938802	2.14510446	0.403419633	3.326228836	0.025801573	1.475274445	1.460339636	1.32194225	1.054277464	0.871968521	1.756997357	5.955370852	2.509317403	0.619588156	1.013030797	0.237246587	4.034699088	-0.050569536	1.896787975	1.456582319	0.68823311	3.344457169	0.987725793	3.915717644	5.448196102	3.683133122	1.395882217	3.199494871	0.777134016	1.428937195	0.07489983
c17m3	Mus musculus	C57BL/6	Blood	M	22	7	22mo	Fuco	4	0.115068493	0.052054795	1.591342496	1.717144965	0.799320277	1.596747688	1.853779285	0.781843424	1.84370128	1.7216152	1.209131949	2.806553203	2.070421178	3.666467553	8.391270131	3.189050677	2.303279342	2.428391652	0.513308127	3.627147136	0.02890012	1.594321165	1.809387991	1.480284982	1.42063167	0.835699909	1.278830083	6.004700501	2.665794298	0.950552136	1.261784428	0.339559123	4.047984178	-0.049953737	1.628704575	1.620500304	0.635722603	3.539113474	1.122798905	3.421031708	6.1537623	3.8186154	1.373038118	3.804054031	0.643756584	1.250697372	0.067739023
c19m1	Mus musculus	C57BL/6	Blood	F	22	7	22mo	Fuco	4	0.115068493	0.052054795	1.548599152	1.667971558	1.016887901	1.499251883	1.82146617	0.894223599	1.367822771	1.549599505	1.168271706	2.925275143	1.990363841	3.362646445	6.174624812	2.713070681	2.59595077	1.937526928	0.628700248	3.426224575	0.054523065	1.723355517	1.608871704	1.296285277	1.061973016	0.827390993	0.823171594	5.383586079	1.92163363	2.125362768	1.24661948	0.260324589	3.480652854	-0.051792419	1.119799654	1.427889514	0.617339824	3.030203441	0.679302194	3.23703154	4.426568999	2.775707551	1.265755844	2.005958564	0.918021401	0.966948653	0.126121776
c19m3	Mus musculus	C57BL/6	Blood	F	22	7	22mo	Fuco	4	0.115068493	0.052054795	1.446002809	1.479426048	0.885318724	1.529764526	1.583268102	0.766649143	1.56082046	1.569487568	1.311877618	2.337910801	2.162024281	3.273218778	7.238147526	3.27774016	2.273501375	2.112017096	0.479421965	3.359014397	0.030468245	1.979003944	1.551782753	1.661317856	1.433251986	0.837717229	1.674234477	6.211383092	2.53297103	0.991645746	1.080382395	0.319004393	3.879501451	-0.052430353	0.940736556	1.512729101	0.763618547	2.910354125	1.010280419	3.696377226	5.523919386	3.172959743	1.393437368	2.985313109	1.164358749	1.586156052	0.122048822
c20m1	Mus musculus	C57BL/6	Blood	F	22	7	22mo	Fuco	4	0.115068493	0.052054795	1.710475035	1.893374592	1.066857994	1.660738239	1.963309617	0.982496742	2.013855808	1.742747303	1.225941803	2.954637462	2.024941583	3.436115219	7.044093817	2.984847626	2.363114734	2.536443264	0.728971737	3.4067762	0.054885473	1.946311031	1.72776209	1.619535836	1.233574139	0.865552419	0.778763374	5.181918316	2.061242879	1.746969126	1.703672708	0.34517526	3.568960619	-0.050931181	1.645283812	1.810840707	0.665184318	3.010376314	0.808022046	2.745418476	6.100367106	2.711849611	1.599827003	2.718807835	1.211928597	0.626140569	0.188441678
c20m2	Mus musculus	C57BL/6	Blood	F	22	7	22mo	Fuco	4	0.115068493	0.052054795	1.745709514	1.818803432	1.110613874	1.815430691	2.065091924	0.96826536	1.744254764	1.61258435	1.295430771	3.718532165	2.007803369	3.741396835	5.408753434	3.66592547	2.476135692	2.165141088	0.805321003	3.337723971	0.04762978	1.366396182	1.747230341	1.272096579	1.334044135	0.887907253	0.862549911	4.608461661	2.512153447	2.429334357	1.642427335	0.358381112	4.15413586	-0.049223708	1.64848732	1.89397839	0.583388154	4.051788989	0.87941167	3.564804839	3.121482938	3.261810602	2.146956996	2.403062013	1.553303839	0.902629315	0.165259897
c20m3	Mus musculus	C57BL/6	Blood	F	22	7	22mo	Fuco	4	0.115068493	0.052054795	1.478783859	1.549931881	0.89923031	1.511224499	1.721475653	0.725627992	1.637823403	1.592732824	1.202267147	2.083027437	2.124414418	3.356756776	6.603099969	3.235580145	2.455121547	2.147171118	0.453789406	3.437609834	0.026490348	1.661915071	1.969296316	1.688511928	1.220420166	0.800762081	1.343178618	5.794811436	2.871020625	0.92824529	1.120122923	0.233464281	3.821942047	-0.050816583	1.914073309	1.654001466	0.75824274	3.451248602	1.012100863	3.824422977	4.828320215	3.284338988	1.66452357	3.468055374	0.826652686	1.402788057	0.131031857
c21m1	Mus musculus	C57BL/6	Blood	F	22	7	22mo	Fuco	4	0.115068493	0.052054795	1.450676039	1.616513478	1.018682511	1.556987443	1.782387854	0.93018079	1.607941733	1.688438628	1.471016831	2.665931708	2.064380616	3.071001434	7.441432026	2.764933525	2.139784922	2.039624978	0.56572719	3.431968612	0.032343857	1.512128545	1.625157961	1.494475177	1.330015324	0.764651317	1.170645773	5.67482726	1.92172523	1.043296049	1.070579538	0.251101156	3.187426495	-0.052776954	1.589346414	1.512573513	0.711173072	2.954549538	0.954352855	3.458914569	5.350168448	2.843646123	1.062849574	2.621569672	0.891670971	1.170880588	0.164077984
c21m2	Mus musculus	C57BL/6	Blood	F	22	7	22mo	Fuco	4	0.115068493	0.052054795	1.529348212	1.72954316	0.929580326	1.581723652	1.938449475	0.835752431	1.568522748	1.634132938	1.452944	3.118113892	1.980687919	3.0838913	5.243534494	2.473244313	2.511447501	2.180135498	0.602460832	3.134064493	0.043489028	1.468635565	1.660469671	1.545267389	1.266982953	0.713122159	0.99257379	4.523192324	2.157058731	2.648412307	1.268720254	0.312485067	3.829571479	-0.051702013	1.224800231	1.63536203	0.671059794	3.087573216	0.818050036	2.80590196	3.217684695	2.618993616	1.503236274	1.675181625	0.901815955	0.544802808	0.270880282
c21m3	Mus musculus	C57BL/6	Blood	F	22	7	22mo	Fuco	4	0.115068493	0.052054795	1.937167335	2.023929532	1.130590081	2.184943402	2.105015422	0.910245925	2.130333976	1.755607875	1.099050504	3.380123292	2.169740572	4.435465648	12.63471446	4.595918402	3.186601617	2.317681356	0.652412845	3.974128151	0.049153978	1.767308357	1.742336204	1.070570301	2.387108591	0.733387475	2.647143206	6.757088364	2.712345844	1.745650898	0.747303732	0.223370949	3.242724761	-0.050188035	2.232278044	1.421936964	1.027328137	3.743598513	1.0803327	5.0405982	14.85140938	4.365590566	2.910778769	4.41544288	2.122401495	3.546644123	0.18272104
c2m1	Mus musculus	C57BL/6	Blood	F	22	7	22mo	Ctrl	4	0.115068493	0.052054795	1.591263088	1.617912385	0.769670463	1.634853544	1.889003213	0.81093559	1.696335428	1.669242812	1.178002413	2.628565208	2.10350583	3.504781865	7.515839477	3.322605809	2.475490487	1.920168295	0.580445415	3.37514803	0.03371237	1.663016177	1.650110467	1.391769185	1.167303308	0.835514955	1.472289085	5.858308505	2.468390901	1.02350885	0.874664626	0.254382962	3.845314893	-0.052604915	1.984519053	1.451036396	0.722059249	4.097773108	1.157613938	3.987551711	6.107066203	3.04565031	1.529371227	3.030650851	1.138528826	1.790706595	0.100240976
c22m1	Mus musculus	C57BL/6	Blood	F	22	7	22mo	Fuco	4	0.115068493	0.052054795	1.523767895	1.711010894	0.722909781	1.639688923	1.87310339	0.779847258	2.071228957	1.513223289	1.26995683	2.350779993	2.005285359	3.478537629	10.23016691	3.183798837	2.269611201	2.367350712	0.576299947	3.593941811	0.023733496	1.770139889	1.554616599	1.476770587	1.493257134	0.704273414	1.807320003	6.744830321	2.475813074	0.776557648	0.776608762	0.198473252	3.447271648	-0.050485612	1.409382249	1.147466351	0.685201134	3.241664806	1.012285721	3.402618535	10.85238291	2.500583724	1.452172722	3.08125902	1.104837245	1.485885798	0.161376158
c22m2	Mus musculus	C57BL/6	Blood	F	22	7	22mo	Fuco	4	0.115068493	0.052054795	1.146723014	1.315362427	0.986396174	1.373954425	1.550974844	0.820378367	1.394456643	1.540216064	0.993161368	1.730449824	1.895112946	3.620772401	12.48922201	3.059582534	3.405792112	1.492171848	0.44441797	3.221907437	0.056584971	0.78700698	1.658348734	1.666279564	1.632872413	0.850037003	1.740286292	7.59558818	2.578518785	1.151292153	0.389711282	0.140656787	2.82551956	-0.051549482	1.486030076	1.170034213	0.418771646	2.151958976	1.6853912	2.656407665	11.33200234	1.518888184	1.115381633	3.23726948	0.454796162	2.756565391	0.595585364
c22m4	Mus musculus	C57BL/6	Blood	F	22	7	22mo	Fuco	4	0.115068493	0.052054795	1.39085989	1.399626163	0.813026605	1.4006512	1.583346945	0.76297145	1.835548667	1.636996911	1.099303932	2.643897481	2.222848378	3.453956777	6.807738689	3.19875329	2.740192339	2.374125664	0.463156801	3.153607763	0.028850161	1.628962026	1.469856825	1.612065115	1.162289264	0.9591932	1.69930858	5.963572487	2.712301514	0.948458007	1.256625974	0.210964668	3.839058411	-0.050538222	1.899612813	1.61084835	0.701493353	3.51313851	1.054936131	4.056678886	4.846918067	3.400175439	1.337124127	2.863279977	1.068900199	1.537627337	0.143175706
c24m2	Mus musculus	C57BL/6	Blood	F	22	7	22mo	Fuco	4	0.115068493	0.052054795	1.376174784	1.870302683	0.783748765	1.399539051	2.114578561	0.753030526	1.790452594	1.44065339	1.211399154	2.097244014	2.101113981	3.948516589	11.06356364	4.258025024	2.927082003	2.43463271	0.639325079	4.020136419	0.031967023	1.523652268	1.33803874	1.221998437	1.423594917	1.003126164	1.869921051	6.888529417	2.876716274	1.355501593	0.788395523	0.184505661	4.073263812	-0.052568228	1.675108078	1.248197527	0.720380807	4.735927632	1.752208839	4.410341315	11.209152	3.198812239	2.323593019	4.42212149	1.588329181	2.685221938	0.158628378
c24m3	Mus musculus	C57BL/6	Blood	F	22	7	22mo	Fuco	4	0.115068493	0.052054795	1.660156332	1.741576532	0.999726111	1.637952691	1.96265682	0.98660172	1.839675405	1.691177469	1.356183994	2.773743566	1.992509214	3.901089951	6.680985667	3.546073675	2.40950186	2.376645356	0.6523258	3.499395798	0.040747615	1.533413564	1.841795571	1.496034131	1.534073443	0.827349632	1.383643381	5.673605908	2.268702469	1.511983155	1.267734707	0.233139683	3.802499573	-0.051284716	1.174657175	1.268005288	0.657695309	2.801524076	0.963147562	3.216794284	7.545959091	3.19234045	1.21654656	2.86122581	1.340385869	0.813494183	0.201873455
c24m4	Mus musculus	C57BL/6	Blood	F	22	7	22mo	Fuco	4	0.115068493	0.052054795	1.695093055	1.707247685	1.046831104	1.958356683	1.944610088	1.151569059	2.071668826	1.558838875	1.184176522	2.835494624	1.967234902	4.490812035	13.1389563	3.939458354	2.404622722	2.169637917	0.605754701	3.68061421	0.047971792	1.364560412	1.0664616	1.166946967	1.909110772	0.715626028	2.478518325	6.683005364	2.513844283	1.16240157	0.799930861	0.222912998	3.117807751	-0.048914328	2.144738116	1.437439157	0.601903227	5.89835747	1.643569454	7.030623278	12.00148477	2.343941775	2.343531913	4.910879992	1.430448475	4.261564804	0.121986381
c2m4	Mus musculus	C57BL/6	Blood	F	22	7	22mo	Ctrl	4	0.115068493	0.052054795	1.573093734	1.613877641	0.96457615	1.683753337	1.847379304	0.797293445	1.964680871	1.706698804	1.343456047	2.416739474	2.024267275	3.353615522	7.560707919	3.238970688	2.047893495	2.306495674	0.444235622	3.435181855	0.03717399	1.911533339	1.889051376	1.532667656	1.029782032	0.804201372	1.341896927	5.504226032	2.289153907	0.935809839	1.222283518	0.34869875	3.719074344	-0.049325734	1.681700653	1.545751011	0.5913596	3.181849892	0.982751171	3.347694645	6.266238206	3.168054463	0.669387313	2.963624142	1.144910433	0.957088699	0.145378415
c3m1	Mus musculus	C57BL/6	Blood	M	22	7	22mo	Ctrl	4	0.115068493	0.052054795	1.5334382	1.630123935	0.727934051	1.525478496	1.786232708	0.684586606	1.756493205	1.773882846	1.323695601	2.996515162	2.154187235	3.752805032	6.401775339	3.542328393	2.302512204	2.347827403	0.64466962	3.195759982	0.043413682	1.938657962	1.623340771	1.449265639	1.252051523	0.788183774	1.874182813	6.166353833	2.632331741	0.984603993	1.356792111	0.353748907	3.876713017	-0.052046744	1.474237604	1.510569437	0.660356033	2.319264308	0.787763974	3.606982703	4.047914854	4.903458346	1.402774204	3.203288631	0.894139571	1.274898339	0.067630571
c3m2	Mus musculus	C57BL/6	Blood	M	22	7	22mo	Ctrl	4	0.115068493	0.052054795	1.190634763	1.135398114	0.893609539	1.247404143	1.475024364	0.617891929	1.166590414	1.528655501	0.896007975	2.281970742	1.941939407	3.211330949	6.168426467	3.099388719	1.347114123	1.099341697	0.330313877	3.469530864	0.027512266	1.173253142	1.686186298	1.580070299	1.08349771	0.772172243	1.205915047	4.477152234	2.290160894	1.18439785	0.544460599	0.242318196	3.670975377	-0.044526319	1.310361853	1.326246165	0.446498056	2.554731968	1.014627214	3.372291142	2.586156733	1.139325163	0.303995019	2.377898636	0.352971093	0.625271877	-0.001956798
c3m3	Mus musculus	C57BL/6	Blood	M	22	7	22mo	Ctrl	4	0.115068493	0.052054795	1.578367389	1.354134019	0.991555108	1.490013264	1.4808551	0.824371902	1.494929055	1.439152474	1.102529241	3.0958163	1.860979382	3.663338064	6.031435147	2.502364788	1.863657324	1.653917517	0.416003711	3.363697414	0.048180544	2.3079753	1.470847349	1.596952165	1.284240109	0.60555214	0.688666213	4.027864046	2.314705912	2.89332948	1.060111951	0.332500696	3.602772277	-0.050109639	1.416293854	1.160878848	0.513578011	3.638292904	0.822349242	2.99074053	4.40517858	0.997795836	0.395455953	2.39247703	0.454794031	0.638245232	0.111618562
c4m2	Mus musculus	C57BL/6	Blood	M	22	7	22mo	Ctrl	4	0.115068493	0.052054795	1.39190464	1.522970617	0.736467182	1.449933257	1.680754457	0.661135627	1.463800325	1.59131706	0.988270122	2.736083541	2.214744747	3.424067306	5.93016071	3.215760971	2.334330762	2.442430478	0.591220624	3.259820135	0.042320128	1.714834421	1.490872739	1.494536014	1.001570094	0.879310304	1.66173744	5.493051696	2.355303734	1.628360001	1.332731175	0.242322412	4.158534054	-0.051445261	1.127745054	1.299690065	0.515127676	2.979570069	0.926473178	3.304995567	4.649959746	3.171986918	1.642428381	2.267116197	1.032201827	0.868884197	0.137057663
c4m3	Mus musculus	C57BL/6	Blood	M	22	7	22mo	Ctrl	4	0.115068493	0.052054795	1.510472251	1.674838258	0.710295048	1.517009309	1.837283356	0.691031163	1.624953529	1.632140139	1.243640032	2.471586504	2.202408321	3.473382904	6.825110525	3.135838696	2.539114037	2.470578127	0.454954076	3.371802297	0.027502467	1.760295716	1.636900338	1.543396864	1.222487673	0.900969452	1.386393045	5.539973867	2.648727653	1.107343548	1.522302869	0.269133373	4.228997407	-0.050538269	1.692453101	1.480520917	0.700817173	3.043035372	0.858641344	3.201185928	4.942372256	3.523731289	1.516886023	2.682870571	0.947066711	0.994295644	0.123058252
c5m1	Mus musculus	C57BL/6	Blood	M	22	7	22mo	Ctrl	4	0.115068493	0.052054795	1.519203879	1.50769182	0.717250499	1.614646496	1.599208538	0.656686541	1.600959237	1.596029869	1.200750535	2.314113439	2.221805911	3.523790194	8.276904958	3.428391929	2.274503731	2.308314398	0.391370022	3.462300913	0.028035275	1.542622164	1.42142298	1.402459754	1.229600744	0.883600248	1.754084357	6.723651201	2.72413865	0.726255623	1.059158489	0.229196647	3.620712076	-0.047276208	1.799042409	1.290931569	0.626808529	3.45479967	1.042380946	3.702485226	7.1978397	2.888952251	1.272443996	3.523674303	1.250972771	1.923608842	0.145429825
c5m2	Mus musculus	C57BL/6	Blood	M	22	7	22mo	Ctrl	4	0.115068493	0.052054795	1.555262033	1.614845867	0.730277735	1.538670625	1.653090967	0.632976989	1.764084947	1.722145468	1.04404743	2.509533104	2.199646282	3.807505671	7.430863584	3.440775245	2.400251344	2.294968433	0.463068968	3.525850896	0.029678289	1.826751886	1.542275331	1.557141327	1.101052448	0.928847676	1.883639465	6.713285921	2.810850857	0.703490406	1.169550465	0.314859382	4.064105715	-0.051480231	1.663571703	1.498201483	0.73997902	3.075206353	0.96643757	4.232042731	4.725242383	3.676829972	1.542415526	3.025240027	0.938747094	2.131999779	0.097943654
c6m1	Mus musculus	C57BL/6	Blood	M	22	7	22mo	Ctrl	4	0.115068493	0.052054795	1.558459574	1.580615444	0.65405933	1.593444244	1.715350564	0.553160248	1.59199703	1.820048243	1.203032235	2.379066448	2.26910987	3.760981633	7.112320994	3.723727741	2.879009196	2.298991843	0.441744614	3.440707722	0.017308284	1.664024943	1.782043373	1.469996997	1.232001178	0.948545319	2.245719509	6.464342325	2.791141542	0.737423966	1.240414604	0.27494998	4.313503912	-0.053481489	1.814690493	1.380260937	0.621787188	3.30827509	1.207280218	3.848131289	4.916891597	3.572439275	1.312579243	2.801050294	0.681783882	1.53304772	0.062955768
c9m2	Mus musculus	C57BL/6	Blood	F	22	7	22mo	Ctrl	4	0.115068493	0.052054795	1.521222437	1.451589188	0.790235736	1.509934156	1.659677283	0.724034925	1.971073892	1.577260184	1.020132782	2.135998783	2.053957443	3.513905722	8.093166046	4.123282237	2.319533226	2.13906577	0.519925071	3.46295919	0.025162775	1.75520409	1.66820136	1.313777357	0.994685543	0.820753225	1.435324396	6.390513882	2.642246796	0.799913851	1.087246427	0.223734231	3.987958812	-0.053441379	1.591271142	1.361153445	0.774575134	2.517271827	1.018478651	3.767917579	6.529372883	3.214513642	1.527047256	3.515362817	1.164129509	1.771125498	0.080995425
c9m3	Mus musculus	C57BL/6	Blood	F	22	7	22mo	Ctrl	4	0.115068493	0.052054795	1.411043262	1.509396522	0.855136826	1.560442974	1.738599958	0.645971101	1.603827453	1.560556649	1.242881887	2.254648034	1.990375027	3.408057536	8.417809687	3.254735143	2.369011555	1.796552201	0.46434037	3.497757511	0.034412438	1.3647133	1.568824413	1.523624672	1.21127305	0.819094585	1.359328388	5.708901236	2.312407378	0.922166488	0.799798048	0.208804599	3.694473962	-0.051908088	2.013042874	1.292174104	0.588512829	3.744083376	1.160706423	4.083409288	6.575073364	2.870011069	1.30886695	3.286789282	0.860047101	2.182762831	0.108957095
c4m2	Mus musculus	C57BL/6	Blood	M	26	11	26mo	Ctrl	4	0.115068493	0.052054795	1.596021451	1.768174464	0.815479561	1.604070973	1.993387928	0.767401314	1.731227714	1.834286402	1.122343198	2.73929089	2.15952963	3.552722196	6.671547097	3.50632987	2.650768288	2.486930069	0.531905195	3.427959314	0.03560603	1.935173886	1.817605674	1.613334009	1.087102722	0.897801922	1.715731456	5.834339279	2.737425752	1.452678151	1.937169771	0.294953993	4.23839186	-0.053312078	1.63472174	1.691095833	0.723182205	3.032540097	1.114056533	3.581074169	5.323621503	4.283369103	1.245759378	3.294248635	1.280698514	1.060547041	0.157044812
c4m3	Mus musculus	C57BL/6	Blood	M	26	11	26mo	Ctrl	4	0.115068493	0.052054795	1.621621182	1.666361846	0.936381126	1.599588425	1.893172792	0.667881357	1.792888088	1.712452263	1.483899079	1.830837961	2.068169457	3.694772406	5.783222305	3.447603701	1.93038679	1.715457203	0.483984121	3.472669521	0.024729171	1.8701142	1.629590645	1.41760829	1.536136985	0.849233265	0.288399308	5.971641816	2.639673677	1.32913273	1.841061437	0.24371848	4.19042797	-0.050189587	2.25679341	1.987448697	0.873539352	3.887170689	1.174508006	3.594356489	3.83449031	4.091299109	1.618148639	3.185433889	1.181197834	1.169491027	0.099191681
c5m1	Mus musculus	C57BL/6	Blood	M	26	11	26mo	Ctrl	4	0.115068493	0.052054795	1.650418507	1.745987558	0.813554976	1.732931719	1.909542453	0.779356651	2.298298241	1.701904779	1.363024422	2.421179552	2.190307583	4.075011841	10.88628523	4.144701687	2.751705014	2.581142265	0.489083937	3.739359325	0.023555433	2.094715188	1.645553328	1.605202037	1.415324437	0.803942093	1.631597871	6.774449541	2.986853455	0.926599429	1.252217639	0.207109606	3.509879657	-0.049689045	1.634259367	1.361795247	0.892184022	3.708020363	1.432377167	4.097844777	10.00893483	3.396079162	2.005034611	4.252240437	1.341318877	3.030426044	0.156754797
c5m2	Mus musculus	C57BL/6	Blood	M	26	11	26mo	Ctrl	4	0.115068493	0.052054795	1.685013392	1.910948906	1.098137432	1.670789428	2.21523034	0.972589849	2.119849973	1.958115175	1.510804189	2.451468195	2.127454685	3.290440264	5.684472446	3.823453119	2.258116274	2.36848296	0.638861157	3.190551372	0.052887953	1.709297003	1.884954345	1.363841616	1.793658426	0.855245496	0.681632585	4.402892868	2.526674947	2.266088797	2.462895185	0.256907755	3.953390712	-0.051831433	1.848946678	2.130776083	0.881066745	3.465299801	1.099244114	2.991852564	3.805098338	5.065374845	1.663995222	2.109944551	1.370670705	0.851361735	0.185976848
c9m2	Mus musculus	C57BL/6	Blood	F	26	11	26mo	Ctrl	4	0.115068493	0.052054795	1.740934842	1.855231736	1.035789599	1.731151213	2.058213646	1.074090152	2.298771325	2.071948863	1.363295396	2.631644857	1.973192415	3.138527023	7.971436416	3.702285713	2.704197834	2.724105136	0.761125558	3.517901181	0.041773334	2.240069705	1.686049266	1.158355611	0.820997843	0.658207286	0.751969407	5.849050099	2.497766682	2.647348209	1.978247399	0.395904972	3.591216935	-0.050245064	2.195033596	1.790373347	0.910957199	2.658740269	1.159184581	3.259591393	7.475190204	3.264339821	1.828402661	3.060560863	1.571046295	1.310538485	0.150442544
c10m1	Mus musculus	C57BL/6	Blood	F	26	11	26mo	Ctrl	4	0.115068493	0.052054795	2.02489333	2.164500208	1.401506338	2.080680726	2.495592048	1.384612551	2.28252034	1.897593679	1.546464878	3.211673883	1.941279901	3.538127738	8.927945983	3.735093571	2.660875328	3.108774362	0.786745372	3.597214286	0.049934638	2.116823508	1.646276336	1.195463806	1.61412195	0.774289762	1.440439646	6.331456241	2.548367125	2.120235949	1.560751275	0.441947404	3.577124413	-0.05078724	1.948965614	1.853874423	0.791269178	3.61554323	1.338267675	3.784947093	8.04056849	3.579180598	2.031094903	3.571019815	1.61029363	1.728938092	0.13185618
c10m3	Mus musculus	C57BL/6	Blood	F	26	11	26mo	Ctrl	4	0.115068493	0.052054795	1.923974733	2.066758825	1.212455864	2.074642137	2.38102565	1.16097596	2.673689488	1.982933321	1.972258779	2.692017855	1.966870955	4.898712608	15.62866557	4.91538503	2.544052444	2.945242487	0.608409064	3.953060162	0.081336702	2.517771349	1.888104733	1.986086007	2.380939798	0.704009028	2.463517389	8.54266557	1.68428083	1.755945595	1.290640148	0.248925828	2.438998701	-0.041087915	1.000929267	1.968086779	1.119460211	3.645762458	2.157853164	4.680211158	16.11460469	3.446625132	2.599287161	5.59844105	2.410113821	5.037892603	0.314975816
c11m2	Mus musculus	C57BL/6	Blood	M	26	11	26mo	Fuco	4	0.115068493	0.052054795	1.2692831	1.482787588	0.838716976	1.104818512	1.793013705	0.414030749	1.270872725	1.046995161	1.128470773	1.772055747	1.936710995	4.277499635	8.115234446	2.942698358	1.700830062	1.252211073	0.373033185	3.8489328	0.035533093	1.526311968	1.199410829	0.980067752	1.520732332	0.660055202	0.963168994	5.045856869	3.153163752	1.123017036	1.198699426	0.130008347	4.199817686	-0.047369187	1.523310512	0.784212139	0.584633525	4.817854641	1.308041785	5.476913731	5.817185421	2.391447491	1.291374382	2.992275444	0.504349368	1.481546645	0.048111169
c13m3	Mus musculus	C57BL/6	Blood	F	26	11	26mo	Ctrl	4	0.115068493	0.052054795	1.769149583	1.857767781	1.03763388	1.81849515	2.103085122	0.929910717	2.234890667	1.862776671	1.432782279	2.856185373	1.963646743	3.475347246	7.741752019	3.469928535	2.627851859	2.543966681	0.641749025	3.730558828	0.055042604	2.090264421	1.702791551	1.537023152	1.231855558	0.774312231	0.994719743	5.425136388	2.314615025	2.097435187	1.677823024	0.273147197	3.695095954	-0.050030215	1.550288141	1.592032109	0.817806979	3.307887231	0.695244759	3.063095889	5.549449797	3.151690649	1.837864521	2.961239961	1.359211204	1.153023	0.22546561
c14m2	Mus musculus	C57BL/6	Blood	M	26	11	26mo	Fuco	4	0.115068493	0.052054795	1.590701917	1.582458622	0.878748264	1.684973532	1.734807234	0.794223592	1.973259538	1.909096277	1.11805867	2.496900645	2.29853046	3.823374429	8.620261834	4.020747659	2.298933115	2.521366934	0.445483537	3.422695035	0.028644737	1.867559845	1.667922	1.582607318	1.077651204	0.874272591	2.022612607	6.763171181	2.984769581	0.860759456	1.43483803	0.222279159	4.057790943	-0.051996324	2.203059208	1.685547242	0.819182533	3.333699699	1.228186481	3.709211884	7.283005104	4.39670273	1.567309251	3.719541431	1.470489116	1.749133213	0.095567501
c14m3	Mus musculus	C57BL/6	Blood	M	26	11	26mo	Fuco	4	0.115068493	0.052054795	1.69347423	1.583661885	0.830048979	1.658088809	1.96951581	0.656313054	1.756661301	1.759400513	1.090323875	1.580812157	2.038791128	3.500411371	6.605250747	3.516484055	1.65337356	1.743363887	0.420038202	3.53839112	0.022793967	1.393252448	1.741095987	1.526470114	1.412688217	0.931124302	0.674450013	5.781735411	2.889205512	0.622285649	1.467661092	0.296060979	4.000916554	-0.051369642	2.100172683	1.677266411	0.670906775	3.50348397	0.953611822	3.580402396	3.372908362	2.687250516	0.70418702	2.857160175	0.982962456	1.0857774	0.054555562
c15m2	Mus musculus	C57BL/6	Blood	M	26	11	26mo	Fuco	4	0.115068493	0.052054795	1.647934898	1.774774799	1.014134141	1.755728754	1.961952917	0.937812785	2.077858244	1.732327606	1.279158806	2.94583778	2.08787539	3.972196704	7.850473528	3.793831279	2.463932556	2.334225688	0.588146533	3.569970887	0.030377726	1.906106266	1.514118705	1.546760959	1.373586655	0.876997762	1.637480269	5.706708083	2.661210123	0.786013471	1.404495156	0.355719086	4.187325379	-0.051286561	1.376605988	1.439216965	0.706385352	3.224818353	1.124316391	3.41152527	5.304147779	3.14686647	1.740829863	2.511000882	0.985115522	1.040056206	0.151886586
c15m3	Mus musculus	C57BL/6	Blood	M	26	11	26mo	Fuco	4	0.115068493	0.052054795	1.72801851	1.650512603	0.811483149	1.74559649	1.892968733	0.589810276	2.046082738	1.82375329	1.14736005	1.779187732	2.151749715	3.516318346	6.143489338	3.875537022	2.098702834	2.238695611	0.462392505	3.483119187	0.026349423	1.929142394	2.032246375	1.647181864	1.459956205	0.933667363	1.009933043	5.746029119	2.862752559	0.864784567	1.733245144	0.311700869	4.388439487	-0.052485346	1.626358212	1.825697408	0.740969159	3.164813335	1.046211516	3.247135822	3.701067261	3.706058313	1.651324519	3.067911721	0.81642313	1.184411466	0.091528468
c16m2	Mus musculus	C57BL/6	Blood	M	26	11	26mo	Fuco	4	0.115068493	0.052054795	1.615250046	1.59320463	0.730625305	1.60729247	1.757106001	0.692361223	1.797518817	1.688850356	1.217976495	2.447332241	2.156011257	3.532937671	7.690611373	3.422955779	2.61141216	2.524260308	0.382521005	3.322826644	0.02990291	1.752429035	1.60634639	1.662362424	0.982788262	0.90340067	1.703988112	6.34828627	2.594447176	0.827780417	1.370490347	0.208204995	4.05757607	-0.052543471	1.834950553	1.451258755	0.776815624	3.097843079	1.179114097	3.38590366	4.862131882	3.531834577	1.508621565	3.052677587	1.199411385	1.151046519	0.093401231
c16m3	Mus musculus	C57BL/6	Blood	M	26	11	26mo	Fuco	4	0.115068493	0.052054795	1.649769996	1.812257825	0.957802569	1.767869142	2.043152688	0.880132077	2.24342913	1.8708867	1.414396582	2.327205534	2.0698554	4.290697083	11.28651837	4.951421488	2.183622936	2.000194402	0.582876774	3.907080163	0.036415094	1.741588217	1.82678913	1.106934522	2.259172681	0.862809907	1.737416612	5.927402191	3.067216963	0.849784581	1.566117723	0.187973053	3.861835864	-0.051167476	2.228621313	1.677851582	0.778966554	3.934959005	1.015434429	4.402472041	10.21811988	5.786617251	2.771578163	4.568612731	1.305264652	2.465370084	0.061317675
c18m2	Mus musculus	C57BL/6	Blood	M	26	11	26mo	Fuco	4	0.115068493	0.052054795	1.542743148	1.708189446	0.919774353	1.572610717	1.854016874	0.747486408	2.127713633	1.800718115	1.230070045	2.573896989	2.182479014	3.733402726	7.170597157	3.934184261	2.538494277	2.495438857	0.485023124	3.564467598	0.031727323	2.043564229	1.566206886	1.649234853	1.215952763	0.890972334	1.966990144	6.339271479	2.814757109	1.024797411	1.451656131	0.267900642	4.197094236	-0.052287679	2.216356869	1.786995029	0.75772731	3.85339224	0.988697178	3.622499643	6.285223365	4.498984824	2.127365051	3.217997296	1.566302639	1.860970129	0.148585673
c18m3	Mus musculus	C57BL/6	Blood	M	26	11	26mo	Fuco	4	0.115068493	0.052054795	1.6246263	1.784794567	0.824650196	1.6859444	1.874615727	0.728520388	2.125475319	1.911714812	1.145805657	2.488551864	2.267137506	3.807697594	8.339472466	3.931197965	2.591450185	2.509746583	0.48723107	3.470388824	0.029058379	1.987336618	1.659297423	1.896324952	1.35938479	0.9559549	2.203243893	7.20676451	3.005423976	0.663679802	1.428582661	0.293025668	4.073016738	-0.052340712	1.997361899	1.66547775	0.794026412	2.978919655	1.406157026	4.095467814	6.909942638	3.555640459	1.928038514	3.630301712	1.089738741	2.050145948	0.112449281
c21m1	Mus musculus	C57BL/6	Blood	F	26	11	26mo	Fuco	4	0.115068493	0.052054795	1.620002391	1.698940661	1.059674225	1.714239883	1.970502089	0.854073477	1.974565582	1.867294129	1.719445262	2.166040844	1.726798996	3.612736657	7.419599987	3.508976132	1.805951018	1.880137141	0.556426956	3.412859824	0.032492509	1.910003153	1.993249592	1.886774827	1.321170584	0.724183793	0.494103804	6.071716473	3.071362736	0.970957022	1.139913553	0.337326301	3.313379369	-0.047854335	2.391210433	1.980153813	0.866994978	4.513047565	1.118936047	3.715948273	6.024305154	3.184796048	1.377807709	4.623977044	1.14947038	0.987757643	0.161758837
c22m2	Mus musculus	C57BL/6	Blood	F	26	11	26mo	Fuco	4	0.115068493	0.052054795	1.485874593	1.638786724	1.451904149	1.843845917	1.965171187	1.266142782	1.42360008	1.448452496	1.304524517	1.527433354	1.787446707	4.253325553	18.13434541	3.857590844	3.766915414	1.510051843	0.648615723	3.447605677	0.090822027	0.99508649	1.288876442	1.642434426	1.840604253	0.65513876	1.841246817	8.81401902	2.200754251	1.549605572	0.183687112	0.126128827	1.704865504	-0.04912661	1.396784242	1.350395311	0.51815292	4.065417519	2.603404657	2.688082839	19.21075813	1.153140348	1.468736352	5.442378688	0.883637144	3.863394556	2.00950431
c24m1	Mus musculus	C57BL/6	Blood	F	26	11	26mo	Fuco	4	0.115068493	0.052054795	1.667817482	1.86382948	0.97319413	1.805008553	2.141761203	0.824617277	2.268868925	1.898883482	1.510951376	2.588999158	2.035366892	3.318614819	7.583072337	2.881678009	2.282298258	2.69233905	0.669757542	3.207056222	0.04318761	2.076159926	2.225161217	1.722624143	1.297448288	0.82500579	0.935285313	5.916780013	2.268503056	1.529474752	1.329531935	0.315251766	3.880336008	-0.048530375	1.727036115	1.805073899	0.799367003	3.383300608	1.125794953	3.312769907	7.167300785	2.496516254	2.345127845	3.349430229	1.110302718	1.242686793	0.264051386
c24m4	Mus musculus	C57BL/6	Blood	F	26	11	26mo	Fuco	4	0.115068493	0.052054795	2.037434803	2.13533907	1.085271509	2.616686729	2.42713108	1.178166957	2.785090946	1.771117537	1.470616571	3.525967758	2.016184316	5.851544815	17.34183754	6.511186913	2.346681652	2.815613041	0.868815157	4.304638691	0.067215475	1.626869409	1.422322404	1.296717846	2.209587227	0.678554172	3.3204026	7.794202223	3.534767182	1.577599928	0.844605675	0.179668073	3.249080749	-0.047141072	2.294866409	2.174154893	0.550441464	7.260187379	2.187236486	8.847979855	15.69042944	5.177502175	3.870263467	6.355966372	3.119989627	5.879576055	0.280639467
